{"stats":{"minecraft:used":{"minecraft:netherite_sword":1,"minecraft:diamond_sword":1},"minecraft:picked_up":{"minecraft:phantom_membrane":1},"minecraft:killed":{"minecraft:bee":1},"minecraft:custom":{"minecraft:jump":173,"minecraft:time_since_rest":5967,"minecraft:damage_dealt":220,"minecraft:sprint_one_cm":10634,"minecraft:play_time":5967,"minecraft:walk_on_water_one_cm":833,"minecraft:time_since_death":5967,"minecraft:walk_one_cm":1987,"minecraft:sneak_time":48,"minecraft:total_world_time":5967,"minecraft:walk_under_water_one_cm":740,"minecraft:mob_kills":2,"minecraft:swim_one_cm":686,"minecraft:fall_one_cm":3251,"minecraft:fly_one_cm":128453}},"DataVersion":3700}